mean_x,mean_y,mean_z,mean_abs,std_x,std_y,std_z,std_abs,min_x,min_y,min_z,min_abs,max_x,max_y,max_z,max_abs,range_x,range_y,range_z,range_abs,variance_x,variance_y,variance_z,variance_abs,median_x,median_y,median_z,median_abs,rms_x,rms_y,rms_z,rms_abs,kurtosis_x,kurtosis_y,kurtosis_z,kurtosis_abs,skewness_x,skewness_y,skewness_z,skewness_abs
0.5176236851945984,-1.113579388011326,0.6957149303945751,10.779522885839473,2.0342894263629585,3.6288419487895,1.181528025094909,4.105154112827036,-4.432431332536364,-9.688291163363273,-1.081360277919091,4.021768385800001,7.148029155069091,8.399357618327636,4.028878333756364,18.343672470436363,11.580460487605455,18.08764878169091,5.110238611675454,14.321904084636362,4.138333470212134,13.168493889294375,1.3960084740846757,16.85229029006073,0.49421256837009087,-1.5373713827430002,0.3931148406107181,10.6584654177,2.0991111808778915,3.795859974063592,1.3711410352179694,11.534747675454271,1.6085779730275442,0.18442909366817473,0.249130177868373,-1.1097979152536233,0.8896945113466326,0.3816649225449275,1.028709509011305,-0.11641572648000943
-0.4162524426528653,-0.4468170178310301,1.3143865394869272,13.197423191789161,2.767965879440559,4.559482435843329,1.5047635061857245,2.3665056020153115,-5.202606353527272,-9.609760303558911,-0.8313763201907275,9.053065231836364,4.504054652542,8.643626317418182,4.1282239603478175,17.984613852672727,9.706661006069272,18.253386620977093,4.959600280538545,8.931548620836363,7.661635109747146,20.78888008276381,2.264313209548355,5.600348764369851,-0.3847824785828182,-0.2463888461727274,1.0808798275133635,13.235385560427273,2.7990893529434917,4.581323556592265,1.9979802763622996,13.40792033342772,-1.253304812748639,-1.0551286575057288,-1.420325300807038,-1.1362829219432926,0.04596991134119982,-0.0684635985893814,0.27319322576153016,0.04174999003206446
1.5790487947009872,0.7121990139746703,0.8743752082625036,11.096644301829079,2.2288568549266436,3.582440025893916,0.5065596421782057,2.105606876121834,-4.184347718412727,-8.762120876334546,-0.1844794016872729,7.275230494127273,6.066483244459981,7.059107091429091,2.446107040488546,17.651114598854548,10.250830962872708,15.821227967763637,2.6305864421758187,10.375884104727275,4.967802879753489,12.833876539126802,0.25660267108371176,4.433580316771548,1.5625965309829,0.9169155848090909,0.7700175816136363,10.677490396863636,2.731519352997547,3.6525476005978734,1.0105120859780992,11.294648957718323,-0.6055199787108099,-0.6044841912297527,0.0977715620405335,0.6100807520536629,-0.1437018213035721,-0.40923365372066495,0.6580408094774769,0.73999369516642
1.9011440497281664,1.1902447816821997,0.46385340272536696,10.59495847591577,2.0481340324766935,2.696359194236038,0.48102194157323347,1.7820674191754031,-1.9815721457603637,-5.155175061905456,-0.6646165026709092,7.065540355916363,6.076045405830546,5.417904000452727,1.5135953688872725,14.340110614109092,8.057617551590909,10.573079062358183,2.1782118715581817,7.274570258192728,4.194853014989242,7.270352904341216,0.23138210827488326,3.1757642864864817,2.0637274368090903,1.2264573237897087,0.5111521154583635,10.403901960372727,2.794494894038285,2.947377740409755,0.6682380470272437,10.74378468663935,-1.0425667346486478,-1.0372036267386227,-0.6800372277603683,-1.0197693068031715,-0.00868762134592435,-0.27366652191935725,-0.1641121747584669,0.0915012252610941
1.6641533498241,1.0610430984412365,0.42320005605583055,9.663166629173125,1.879856907783616,2.5989760801288577,0.27415329428326385,1.8270277800923267,-2.5725715954209094,-4.469852161905455,-0.2561481364345456,6.2248597858181824,5.713211704887272,5.205690640685637,1.0440121673094542,12.573719939618183,8.285783300308182,9.675542802591092,1.3001603037439997,6.3488601538000005,3.533861993741779,6.754676665081962,0.07516002876636588,3.3380305092290956,1.6625747763568177,1.106104102405736,0.44863917710018164,9.612239494154547,2.5106310691681784,2.807220889390742,0.504240335764627,9.834369314419417,-0.8999582455211868,-1.214172273323277,-0.8057408420560699,-1.2867973530024337,-0.00901778401124997,-0.17761138480539418,-0.1878172161217837,-0.013715646189752606
1.3300957755900227,1.0611267211574589,0.5655887894191293,9.869540131295931,1.5937599102669702,2.444131693559697,0.5203105078447288,2.6222602655376526,-2.2542069424109092,-5.244790568003637,-0.6745363949912732,5.373809627254546,4.634612787797637,5.609420543838182,1.9352496318781816,14.248920574145457,6.888819730208546,10.854211111841819,2.609786026869455,8.87511094689091,2.540070651574181,5.973779735462992,0.2707230245736395,6.876248900217601,1.314726673243627,1.422067203029818,0.6119552268215451,9.988224505372727,2.0758673907108345,2.6645392948533115,0.7685139577719046,10.211957270938731,-0.9642775261610139,-1.03174043653974,-0.47520333621908684,-1.3605589223354355,0.015775840633661553,-0.24712856320837231,-0.11848387727107183,-0.11751757139688628
1.2244473490602807,-0.3493415678732166,0.812419547720418,7.384341555024095,1.2085109467141724,1.7613427313868661,0.8791864904771579,4.057051216749805,-2.2752606184167274,-5.2901825989818185,-0.6674407490156367,1.1898644105909093,4.288696655649091,3.892111379830909,3.706305875512545,15.795329352454544,6.563957274065819,9.182293978812726,4.373746624528182,14.605464941863636,1.4604987083279852,3.102328217409346,0.7729688850375417,16.45966457533107,1.2714793189164542,-0.32288709287500017,0.5600833191609087,7.34175208501,1.7203982152248172,1.795652457591241,1.1970774438422058,8.425447452603741,-0.02719064780454783,0.4573676220403664,0.368490549396018,-0.9783969144365829,-0.07012181849146891,-0.032737218359337385,0.9169444372937995,0.1640730747509705
0.19348965907250562,1.3607211514739805,0.6337244354337068,6.94284018313227,1.02140807942402,1.4950879085909345,1.6751710430616533,2.724911778298244,-1.832827931092546,-1.3338431982623475,-1.9148635775527274,2.7830531110927272,2.2685007188854542,4.700813103107273,3.9282645125272726,12.871746991054545,4.101328649978,6.034656301369621,5.8431280900800004,10.088693879961818,1.0432744647126648,2.235287854414815,2.8061980235122674,7.425144199508499,0.19314429183909057,1.1507343595388262,-0.06910794081763669,6.4073551743,1.0395733321323033,2.021595881100745,1.79103452886259,7.4584297280342255,-1.2218647004606231,-0.6383538310985113,-1.201839173231094,-0.86744751475594,0.025802449901282384,0.3610704988146948,0.5085745986766906,0.48405084385622205
0.11178116814195913,1.709398753130419,0.7532396339959754,7.993593056158509,1.0364630669201251,1.2605175901152426,1.5889804313494436,2.865507454643062,-1.7696351260607277,-1.3495887343936364,-1.5822100463352733,3.960385406236364,1.9703389162781815,4.465945637076364,3.3946602740345453,12.753291296290907,3.7399740423389094,5.81553437147,4.976870320369819,8.792905890054543,1.0742556890894717,1.5889045949899385,2.5248588112114634,8.211132972614958,-0.07741180238400042,1.842925788079091,0.641937200278636,7.3743867604,1.0424733659142813,2.1238994072680946,1.758473416754958,8.49168198415841,-1.415955609856209,-0.5008968961202935,-1.5272990510133257,-1.5434271275835365,0.19060875564648017,-0.16107407815589217,0.12022859107783751,0.18184363905489673
-0.08372201550182361,1.5022988266274586,0.9541674077734775,9.030880698657235,0.9259591202401962,1.6917401454458034,1.6186086063289011,3.0124419207386093,-1.8439650749890912,-1.634876608392,-1.7243870403498185,4.782410713254546,2.1408228766872726,5.2181892343581815,3.7482856094275814,14.022654250127273,3.984787951676364,6.853065842750182,5.4726726497774,9.240243536872727,0.8574002923559981,2.861984719712988,2.619893820481988,9.074806325823321,0.04185913378344512,1.414328674342009,0.6609762772990904,8.707214226245455,0.9297363433983228,2.262495631863015,1.8789170451457256,9.520063682518256,-1.1005630267177162,-0.901048153675176,-1.5596253760299963,-1.5913551761878688,-0.02180891648734319,0.08096784117231262,0.11970982107264515,0.08248479031573674
-0.09351229415071219,1.7138638231491812,0.8521299802417415,8.195320876716433,0.8452135561317212,1.4203305692984998,1.4864159350600135,2.7759234303456917,-1.7299237342943643,-1.1778236996878177,-1.7338768585693274,4.122768198572728,1.5886031819265451,4.411031155191273,3.5401129740058175,13.212991907545454,3.3185269162209092,5.588854854879091,5.273989832575145,9.090223708972726,0.7143859554688303,2.0173389260838004,2.2094323320003344,7.705750891142192,-0.10648890184727311,1.6515194828588187,0.504345778746875,7.932523695207273,0.8503708041943583,2.225908383196246,1.7133469687214917,8.652689475734489,-1.1777174430077322,-0.911736613077538,-1.4499508826364091,-1.489755265033625,0.033060280983159794,0.057792852358779644,0.16706222767373705,0.13270372719402318
-0.06284894520396692,1.5694959848297723,0.8741860677915821,8.727037796480595,0.88436027790848,1.4813360007543814,1.450230750707502,3.316837801148024,-1.6033497109390913,-1.3992692132509088,-1.4356083499569097,4.291945275416364,1.8147283587318177,4.4624895765836365,3.5311731873805994,14.359018868745455,3.418078069670909,5.861758789834545,4.966781537337509,10.067073593329091,0.7820931011423641,2.194356347130985,2.1031692302976452,11.00141299912446,-0.12144622262445492,1.4310967233327276,0.6345284491981631,8.080608042955454,0.8865907122543153,2.158164496401459,1.6933311877534634,9.336091350256027,-1.1236061364708192,-0.8668466714071434,-1.4231052701339537,-1.5190878663182141,0.18627861270688773,0.10142941774869155,0.16255366859272752,0.18036794841839732
-0.1507354484796408,1.5399686203166645,0.9341767579145899,8.354691239084774,0.724160451330133,1.4480526038668,1.4236881720621728,3.0198838199535043,-1.6095665449749095,-1.261688091110909,-1.1869728650579547,4.195520130832727,1.5263192533919996,4.503897432023637,3.419939371382545,12.921986007363635,3.135885798366909,5.765585523134545,4.6069122364404995,8.72646587653091,0.5244083592706619,2.09685634356542,2.026888011269731,9.119698286016968,-0.14581195560712767,1.4386315228774367,0.6882660640698997,7.828582020972728,0.739682049734222,2.113849496800904,1.7028136205402946,8.883724668541735,-0.8896252699325777,-0.9693465776148762,-1.494325475508069,-1.6018467883815886,0.10074606013257346,0.13665480597120055,0.17777320409158698,0.1335885769027894
-0.06984311991307422,0.14787662026878634,0.25322062642304244,4.886108012615614,0.5049869559326265,1.1443286382815614,0.893727007569595,3.2387746212402106,-1.6866054185616368,-3.4716813400758175,-0.8010828009507277,0.761898743789091,1.0755160868381815,4.095269677335819,3.345627559356727,12.665412603490909,2.7621215053998185,7.566951017411636,4.146710360307455,11.903513859701818,0.2550118256621005,1.3094880323913327,0.7987479640593029,10.489661047189669,0.01538123103272691,0.020101624468091356,-0.048645466766909534,3.6210611555600005,0.509793965304899,1.1538438053798488,0.9289072341764704,5.86205702446984,0.44601089120294457,2.672977959611921,3.8009717342028164,0.2641732330255566,-0.6362408149418173,0.534193412916609,2.1296832108494566,1.1599331556427717
-0.20682138444794035,-0.01912741292596876,0.16841325924090536,9.531183137958358,2.062613281322919,2.3909225919220183,0.5600452146933824,2.7049818130735117,-5.548600549781819,-5.181133185874545,-1.1249596507274549,6.199219380430909,4.370503771581817,6.030256508709092,1.5431215577909088,17.584423677218183,9.919104321363637,11.211389694583637,2.6680812085183634,11.385204296787274,4.254373548289698,5.716510840563102,0.31365064250095676,7.316926609058464,0.15836686718109036,-0.4645231861769085,0.10807193071999954,8.989689312236365,2.0729564957699096,2.3909991004783637,0.584819346797882,9.907591968705614,0.012431339309092682,0.0022927067148597047,-0.4463146635783839,0.34899560314147937,-0.6096189923009107,0.559761155656585,0.3183290694969864,0.9879184688209015
-1.1568191394530234,1.3177578136169061,-0.07130088175304426,9.77839160652796,2.4337887994626377,2.612995949078205,0.5337618717655455,1.5407111557809976,-6.254848848486545,-4.443645919754545,-1.6427277130338185,6.869129433583637,2.786134576959999,5.1673282500181825,1.056095726834545,12.647296756345455,9.040983425446544,9.610974169772728,2.6988234398683635,5.778167322761818,5.923327920389788,6.827747829899111,0.28490173575065864,2.3737908655480178,-1.0119112205300005,1.6489153588488188,-0.010561715960182278,9.76446434118182,2.6947278975426494,2.9264711659689278,0.5385030654410612,9.899026885313749,-1.1670491593199013,-0.982700250803616,-0.7388322613248981,-1.0713339857436548,-0.17702009387108553,-0.3805358423845716,-0.282709963814457,0.001878384884111642
-1.2521756392311902,1.3725893313527306,-0.05783749576180441,9.946184582643651,2.1486120201219676,2.631803394813065,0.389971251319976,1.6588042635456564,-5.550721265996001,-4.233512999708727,-0.9648554112047276,6.967256323738182,2.4074685908599993,5.322871654745456,0.8276367645827268,13.337154681709091,7.958189856856,9.556384654454183,1.7924921757874546,6.369898357970909,4.616533613012603,6.926389108949573,0.1520775768560679,2.7516315847572477,-1.1251507223452732,1.5984752803028184,-0.05042594954409134,9.897486332245455,2.4868609620356015,2.968230210326166,0.3942369246684848,10.083561837801936,-1.125079000883429,-1.0379094224020022,-0.7208283393899526,-1.122143059247166,-0.14460459269737175,-0.3066907557610544,-0.039792103404221985,0.09775259692587708
-1.1841444457712578,1.19274305677618,-0.10882664986176029,8.55590412136507,1.9662777331854284,2.370723478861907,0.3569083876843786,1.622201201517428,-4.896923464585455,-3.4938224974761813,-1.1956630566490913,5.496343143318182,2.094452053854545,4.668507970232729,0.8242631533359996,11.9224292508,6.99137551844,8.16233046770891,2.019926209985091,6.426086107481819,3.8662481240208266,5.620329813227103,0.1273835971994627,2.6315367382045873,-1.073484524766728,1.5127880695882734,-0.0593766636509095,8.353936392463638,2.2953096071057058,2.653858664796391,0.37313112563761874,8.708331187558066,-1.3085910709566653,-1.3183941925443434,0.006822660158977811,-1.1285236832682592,-0.09412932946943736,-0.2625751675070044,-0.40909025230088025,0.16135935167969248
-1.1112493317324972,0.9794573907342613,-0.12723153095525908,8.223467415708233,1.899451171002631,2.056148652791461,0.33325721171763356,1.9687677674966688,-4.433058775333201,-2.7276642968679994,-0.9813872179080005,5.098371390845455,2.689170555905454,4.722727925056365,0.6952754642032724,12.046260709927273,7.122229331238655,7.450392221924364,1.676662682111273,6.947889319081818,3.6079147510232663,4.227747282376141,0.11106036916181164,3.8760465223338176,-1.2653031894638551,0.9936431607329551,-0.09563382533472778,8.05858547623182,2.2006339605439145,2.277517082842653,0.3567187009830445,8.455853762899933,-1.2754824789030572,-1.431880830117842,-0.2516050270004002,-1.184108239321004,0.10518192250289819,-0.005792830134679626,-0.19055925169732793,0.20420171155667197
-0.7628972311796354,0.9658517561109802,-0.23008766943909642,7.9610230556911,2.0984543503755217,1.556805491178883,0.3663620436457278,2.244091147843367,-4.945834434383454,-1.9849512661909083,-1.3778290458074551,3.965877677410909,3.6573154578199993,3.83712774688,0.6894334925796357,11.335262801363637,8.603149892203454,5.822079013070908,2.067262538387091,7.369385123952728,4.403510660609952,2.4236433373647226,0.13422114702427412,5.03594507982896,-0.7886684497590006,1.0208135532830913,-0.2165709138983642,7.994889497243636,2.2328284407789827,1.8320788607883096,0.4326216391400101,8.271265512185797,-1.1670550242123108,-1.301795412626689,-0.3902589665177527,-1.4458740370905698,0.05077728841428895,0.02307788167402972,-0.26356850564681866,-0.09108002424172656
-0.4486901598588712,-0.34045431929411296,0.032416347503849974,4.428762187392838,1.1734720145748194,0.9134735697753495,0.6389077506955856,3.1281098504495652,-3.94215479659891,-2.798629843024545,-1.3404042130781824,0.6742200162563635,2.1745588976618175,2.3663020902600005,2.155444474682545,11.243563104690908,6.116713694260728,5.164931933284546,3.495848687760727,10.569343088434545,1.3770365689902853,0.8344339626781204,0.4082031138988926,9.785071236479602,-0.26792969898181884,-0.21379989896170865,-0.003168735062727798,4.532715492345455,1.2563277552233203,0.9748554283606047,0.6397295784035487,5.422085000160017,0.8711483705299461,0.5196142856236579,1.6094723694135737,-0.9441593491288764,-0.7156618693767058,-0.1641924937707027,0.8743332588715848,0.39758306657191383
0.0827084705059563,-0.228237175607437,-0.13509185398877904,7.896844093381969,0.6975221691846171,0.7634574229441627,0.6124342803737668,3.68275857293923,-1.4706532209490917,-2.367339152587272,-1.652957897799819,1.8598331698927273,2.169786909225454,1.804413572896182,1.4939119787563633,17.564735472036364,3.6404401301745457,4.171752725483454,3.146869876556182,15.704902302143637,0.4865371765040136,0.5828672366485421,0.3750757477769336,13.562710706557393,-0.01103852402454604,-0.29509668958163593,-0.10438665931818242,7.097395083381818,0.7024086186810694,0.7968434256350505,0.6271567242652026,8.713372328882722,0.3023295569904514,-0.24310061334990607,0.09154952942057282,0.732309928366822,0.5681818466715668,0.11838510099551748,-0.23340923737970756,1.11988909198283
0.5309210757179901,1.6778955626132253,1.2098826740486806,8.028991647490585,0.296074501884007,1.907378705139533,1.8108086907906022,2.801168085905301,-0.19028646792781875,-1.6921645872054543,-1.9979170058530917,3.3451598674181815,1.5013730267556358,5.510055342596727,4.346978612859999,12.76204251710909,1.6916594946834544,7.202219929802181,6.344895618713091,9.416882649690908,0.08766011066586288,3.638093524819762,3.279028114642775,7.846542645494368,0.4837826342499994,1.437872105595273,1.227694355318272,8.08265554647273,0.6078957964218953,2.540359628843308,2.1778071998241644,8.503602149734423,0.3883795494161002,-1.0054427598430202,-1.3439770620172078,-1.3159149010305102,0.629952252235067,0.23847701613093356,-0.02266385980639374,0.0037572243464049347
0.4609560755274864,1.4177671740546245,1.195440069079016,8.457728207260262,0.20704657896403328,1.9198676255105038,1.496068272326662,3.125518436453944,-0.23397771374490964,-2.4180026789541818,-1.793568736568546,3.806494431654545,1.0412033868425448,5.4311249159509085,4.05747530599909,14.149806911527271,1.2751811005874545,7.84912759490509,5.851044042567636,10.343312479872726,0.04286828586070966,3.6858916994833404,2.2382202754624836,9.768865496613508,0.4775655493325448,1.253927936748818,1.1554903071455447,8.344754099202728,0.505320481898776,2.3866200911142466,1.9150188600173452,9.016763938603434,0.5067282048444244,-0.8595688806504547,-1.239782928875981,-1.348627859111752,-0.4726104800979246,0.11203555287238876,-0.08173438557185424,0.16788874775141588
0.47321837627426533,1.48182154770641,1.3294240863524793,8.266416055116913,0.2560499709247958,1.9322717796610065,1.50326744926489,3.147198714231345,-0.11646118140247336,-2.514477009612727,-1.5912296129085461,3.6014478111818184,1.2120194452207267,5.279324043145455,3.9356073610509084,13.450789642181817,1.3284806266232,7.793801052758182,5.526836973959455,9.849341830999998,0.06556158761058879,3.7336742304743136,2.2598130240193686,9.904859746859433,0.45423549272654484,1.36736005858629,1.364730946642272,7.921339419969091,0.5380494580001367,2.4350501698571483,2.006783851189133,8.845252633088224,-0.1838041979734859,-0.8764324863608661,-1.4342249050676361,-1.4652736515476696,0.24560780378754124,0.003198775899752768,-0.07200416080889653,0.14825609956882532
0.30170771454486944,1.1650400819787894,1.1838042684233403,8.201924201081795,0.3183859352695515,1.6602635099832774,1.2523754262897977,3.5509407608146257,-0.48178589607000066,-2.2585422247074542,-1.2094998520103641,3.38710586604,1.2367371044489084,4.942697243934728,3.4793288601841814,14.625685929818182,1.7185230005189092,7.201239468642182,4.688828712194546,11.238580063778182,0.10136960377746702,2.756474922581992,1.5684442083745525,12.609180286814752,0.27528027599209026,1.1820327882880912,1.3025688486129086,7.381766930770909,0.4386309938813669,2.028248829704861,1.723321430932684,8.937602636451563,-0.11676558042122354,-0.5441814384498858,-1.3023970207355877,-1.470943657735961,0.3346908248581988,0.16204879915199302,-0.07276142531388105,0.26793026973665746
0.45887786810898956,1.8854055133416803,1.159166913946338,9.046275170310393,0.34575137180340093,1.489116667291613,1.5766855572829592,3.5284248327147565,-0.311608236509637,-1.6775199691501999,-1.6273103527624007,3.7867306874454543,1.3575933447999993,4.898499097536364,4.074002450252727,14.76418437570909,1.6692015813096361,6.576019066686564,5.701312803015128,10.977453688263637,0.11954401110393359,2.2174684488056804,2.4859373465446755,12.449781800118156,0.420477537391454,1.8906159948178,1.1267811315008174,8.465020264186364,0.5745545308708173,2.402544983667295,1.9569377304688431,9.710039971961612,-0.31443818427807724,-0.7785579491485413,-1.3179342529856664,-1.5722624499778102,0.4285654080198047,-0.08402606881140258,0.08761765304399473,0.05800334822525652
0.4699044935828662,2.1685368853814357,0.8526849295884822,8.24567356282433,0.31485624748276,1.2161575987577686,1.6368287439841702,3.0486266628344754,-0.4047940352520006,-1.050437858539818,-1.8192039836969098,3.6597354980945456,1.4256135525821814,4.808172096650909,3.693926224845999,13.957132432436364,1.830407587834182,5.858609955190728,5.513130208542909,10.297396934341819,0.099134456578925,1.479039305016262,2.679208337132796,9.29412452934527,0.4246390496530904,2.1533878590096367,0.5403768499405901,7.711905657652727,0.5656365349482779,2.4862806616060196,1.8456109899651416,8.791203389411786,0.2490392120418683,-0.376455937714657,-1.4619148774764585,-1.3291768663534895,0.4017483499173072,-0.09311598547480321,0.1784972634739604,0.18930785215843232
0.022591894903115462,0.6455301140547316,0.28674859397704167,4.586905135171181,0.36582415559085685,1.4460415604940051,0.8900588148673568,3.1082331826317913,-0.7728636385141825,-3.020467729492727,-1.3379060646290917,1.7879233424218182,1.0141234819554539,4.190200095172727,3.18151425216909,11.917731290836365,1.7869871204696364,7.210667824665455,4.519420316798182,10.129807948414546,0.13382731281376345,2.0910361946759375,0.7922046939230837,9.661113517613355,0.06266373525567218,0.15446005395354573,0.06763259824562631,2.737811401914546,0.36652108606337636,1.5835862221007897,0.9351093251972702,5.54083136692257,-0.13846782222084464,0.21585772008473025,2.506519399207461,-0.13804289702423267,0.18052653028309534,0.6284754945230508,1.4819967807195744,1.1371488634986666
-0.09394851257126052,-0.2792372857311909,0.03551991489961701,3.1556221314946646,0.5532029949219597,0.6745359313872824,0.4130222572147853,3.0495337649836065,-1.492111922884364,-2.654389547003636,-1.11562089729291,0.30844415112436363,1.860469864268545,0.8951073682487276,1.102017916670908,8.544271867485454,3.352581787152909,3.549496915252363,2.217638813963818,8.23582771636109,0.3060335535906258,0.4549987227325086,0.17058738495479628,9.29965618377509,-0.1607881146050642,-0.08395412034941513,-0.027367050329182782,1.2720764030972727,0.561123762288658,0.7300494397470837,0.41454679990234233,4.388349031304829,2.1497212623263184,2.5700099392704088,0.3584904704095231,-1.483393592972213,0.753022339191849,-1.621568395553155,0.46794255478153796,0.5401794216350038
-0.7644829425751137,1.049778695427234,-0.027853920717804098,8.841012352028926,2.250277114761683,1.9471633870555973,0.4011838184844773,2.485351586280822,-6.4534761595,-3.594788517509091,-0.9415189866636374,3.353435298327273,3.7375721389618177,4.465447512909091,1.0492452379549082,13.41950395009091,10.191048298461817,8.060236030418181,1.9907642246185455,10.066068651763636,5.063747093220165,3.791445255889826,0.16094845621378606,6.176972507428599,-0.6374919157394551,1.3703584223980911,0.01876727795445355,9.19142665560909,2.376590259743666,2.212121281770674,0.40214959544072654,9.183706872290546,-0.2355284669804325,-0.8280794331392451,-0.6909938869005359,-0.6377035562211568,-0.45425187391022875,-0.4082081600748278,-0.14260944797807504,-0.474697724315956
-0.6762719001554315,1.6373110938100237,-0.017459345532815532,9.863456876806534,2.7645296709339826,1.6297984311920848,0.30600671015692527,1.5704951801428033,-6.355505710686909,-2.1843053636290906,-0.7166315843193466,6.254091640272728,3.8644007553145445,4.207993961809179,0.7812119023319988,13.203231120145455,10.219906466001454,6.39229932543827,1.4978434866513455,6.949139479872727,7.642624301474355,2.656242926316181,0.09364010666106447,2.4664551108517765,-0.3180306282334552,2.1199776022727277,-0.024621421409846554,9.879841636565455,2.8460442695808856,2.310201407719585,0.30650438073133435,9.987704274330214,-0.8107567528111965,-0.4926994824035158,-0.546607453738448,-0.8276244316851948,-0.436852583891143,-0.6957746524471674,0.11365363994614609,-0.1745264251028626
-1.4748662471502036,1.2343576022262386,-0.22220981799056885,9.828081009078236,2.2082096879301822,2.285427516892809,0.31021038282894975,1.5894863860204176,-6.107128523985036,-4.00788335861,-1.1949236498205464,6.183097217545455,2.773300193772727,4.695147959237272,0.5045694402817624,12.532856167036362,8.880428717757763,8.703031317847273,1.6994930901023089,6.349758949490908,4.876190025868713,5.2231789349708295,0.09623048161488355,2.526466971344248,-1.2671109118720005,1.7296985527615818,-0.22086690045714658,9.712075898536364,2.6554510865108445,2.5974636908231368,0.38158575029249353,9.955784413713893,-0.7988191078934546,-0.7897408207511121,0.026427015595683834,-0.919257254013115,-0.29087619072611653,-0.5806848200461724,-0.2246214845878645,-0.10598371653040876
-1.1682870066470707,1.3128069250709025,-0.45494092409060405,9.747572021969395,2.1110101905499565,2.2021569960985756,0.3009757558450041,2.1555478169981255,-6.232091347194547,-3.8821317778256366,-1.567227709354001,5.343794856327273,3.116449976611636,4.658336259943637,0.37467593769399893,13.839301942036363,9.348541323806183,8.540468037769273,1.941903647048,8.49550708570909,4.456364024605763,4.849495435465903,0.09058640560647152,4.646386391365383,-0.8253928340463641,1.8025262431105453,-0.42760876376754664,9.707436084381818,2.4127284460763794,2.563777965811398,0.5454884508574719,9.983062992631373,-0.4858500893236717,-0.7658094030486291,0.8929719688871631,-1.0543293131231217,-0.4340456089111773,-0.5770900148158056,-0.6495672428688756,-0.08448552983691994
-1.2163818852062103,1.3581669774543217,-0.4707784672438199,9.518187578857631,2.1020042784450497,2.138104908290389,0.34545767759077034,1.6653923718082932,-5.965838020732728,-3.484935425958509,-1.3324398973854557,6.176027175381818,2.684890893805454,4.331447227830909,0.5257085551547261,12.330365369836363,8.650728914538181,7.816382653789418,1.8581484525401817,6.154338194454545,4.418421986601294,4.5714925988554524,0.11934100700640862,2.7735317520772527,-0.9959063679984552,1.935406610790918,-0.43674472865545566,9.423010483263635,2.42858124781921,2.533004172421132,0.5839292527582849,9.662785651063416,-0.6909178919675405,-0.6951430217484833,-0.6200168090159202,-1.2082427312197757,-0.3592955795342556,-0.6557615884314272,0.0753803562197036,-0.10716584825713026
-1.4160693536003843,1.13265819356433,-0.5099152416815603,9.323411536754083,2.128603452415205,2.327985871892132,0.2679341407758562,1.7567499603219165,-6.256117875181819,-3.7417346759943633,-1.393278566227274,5.781544694963637,2.4361036578543627,4.622787102670909,0.13765550439636248,12.348350256327272,8.692221533036182,8.364521778665273,1.5309340706236365,6.566805561363635,4.530952657633929,5.419518219729368,0.07178870379329633,3.0861704230910556,-1.23615508226091,1.5936585463515456,-0.4686350750644557,9.18984853300909,2.5566002956739515,2.5889057153897617,0.5760227925112514,9.48747453787203,-0.7457365924863626,-0.9138807480710907,0.16691953756362565,-1.1695081243930103,-0.3617603997417713,-0.4979337970029723,-0.5402399289823472,-0.06071067889209404
-0.6803353352508111,0.08357142640192347,0.47063053184131604,7.614989191738473,1.5296147380243803,1.6391913570445777,1.0623268496720675,2.7813161518212306,-5.357816279078183,-3.4988690696105453,-1.0199448403112394,2.998145000694545,2.6111628678272725,4.241989033050909,3.748440837134545,13.812343408454545,7.968979146905456,7.740858102661454,4.768385677445784,10.81419840776,2.3397212467813935,2.6869483050096443,1.1285383355341794,7.7357195363816595,-0.5201945849970916,-0.0563999404929091,0.124030529833908,7.345879233563636,1.674090026005839,1.6413203490849964,1.1619085304082326,8.107020409908653,0.011187886072962616,-0.2902112278393454,1.0680630286709851,-0.8021072732988195,-0.5134733459044977,0.3424280922239018,1.3000297757256027,0.3566957848323886
0.027724404466648447,-0.18579485780899216,-0.10634608286825833,2.769059969814192,0.49339995357835537,0.5372589852012021,0.4042748425891327,1.4132163029347453,-1.0092670872881824,-1.9794909781787455,-1.281549786876928,0.5033632169654545,1.4248229425417447,1.1258876250590908,1.2438707571840173,6.52213226143091,2.4340900298299273,3.1053786032378365,2.525420544060945,6.018769044465455,0.24344351419112323,0.28864721717942543,0.16343814835046802,1.9971803188805501,-0.06123444533741884,-0.14925993375594823,-0.1587443780076374,2.9961902029118184,0.4941782641862687,0.5684777448306034,0.4180282737948361,3.108837955781537,-0.03909029635554573,0.787802680357327,1.2623502313871722,-0.8969281520542478,0.434157043288743,-0.3057950594829646,0.6858270283024098,-0.08185180429580177
0.33034368171537337,1.2581073284469841,0.9949070697282807,7.414926093608238,0.27217149391628126,1.6498150809271148,1.5483706141939362,2.8474840321786434,-0.26351174414909156,-1.8671030508067636,-1.9160301632854557,2.9646082885636367,0.9656950502260992,4.856901357036364,4.4571561398999995,13.328298032490908,1.2292067943751908,6.724004407843127,6.373186303185455,10.36368974392727,0.07407732210062033,2.7218898012545423,2.397451558899307,8.108165313512346,0.35667284153185386,1.0048008245562543,0.8669483018883626,6.863107404679091,0.4280236794266041,2.074782844334932,1.840459626369082,7.9428769527913925,-0.6080132980171822,-0.8284224230070203,-1.259628412136354,-0.938709681809303,-0.04992779129358313,0.21563805069417877,0.06465761085569709,0.3539838897170781
0.2953081138145428,1.1292052503048517,1.2662209784130798,8.680091543251278,0.4297229312569488,1.5559128716359156,1.3909861850496248,2.4117900190301795,-0.8488568459249897,-1.9325638300809094,-1.314095992553092,4.794165666909091,1.242566968138181,4.137487945987272,3.907781014523635,12.877142958599999,2.0914238140631705,6.070051776068182,5.221877007076727,8.082977291690908,0.18466179764806437,2.4208648641223216,1.934842566998909,5.816731095893593,0.28330774327690833,1.0736219118722725,1.3386299605085898,8.87605096270909,0.5214102796577447,1.9224904060718666,1.8809992379510112,9.008924480486884,-0.25290953274504524,-1.0026266654392508,-1.2957523494391567,-1.4614540297393908,-0.07502528167351558,0.01924457874016878,-0.026772569330647953,-0.028792398015135515
0.40122829411139244,1.4066575854060164,1.1337634826115313,8.9156014396167,0.31543354878743957,1.8157514189685373,1.3337341694645894,2.310892315894898,-0.35987927279655346,-2.0801590666727274,-1.4538093540378192,4.4611518742181815,1.16503940367309,4.87091397538909,3.5288126023509077,13.696229224872726,1.5249186764696434,6.951073042061818,4.982621956388726,9.235077350654544,0.099498323700638,3.2969532154862566,1.7788468347973982,5.340223295662085,0.37402603953836283,1.552133510403727,1.0162566565445443,8.84021364709091,0.5103748305864783,2.2968758734564965,1.750504632756173,9.21022107909237,-0.40162815822507936,-1.1580590813087268,-1.333024150899896,-1.1160527711365846,0.1468128718958747,-0.11826760717395265,0.08970053865761307,0.03554664810776969
0.2841503096281822,1.2042585831222714,1.4533621399982601,8.9167648035258,0.26164220159618434,1.7907756545743567,1.398953177360677,2.641670114782089,-0.4349741251921826,-2.1124075931118185,-1.9288569889727285,4.527950672527273,1.1876849054353265,4.575988625128545,4.42198626488109,13.894270504818182,1.622659030627509,6.688396218240364,6.350843253853818,9.366319832290909,0.06845664165609837,3.2068774450162154,1.9570699924475334,6.978420995332816,0.2677023275359992,1.1028987225354543,1.5760760414084536,8.772786183727273,0.38626162133700287,2.1580352592207293,2.017258412407258,9.299844921111823,-0.04712074480197215,-1.155785464575339,-1.0953118569025952,-1.318791995950303,0.183057474408783,0.09245843547050846,-0.12829488453556814,0.07965308279913007
0.22836096405056558,1.4797690668508396,1.330785723274982,8.52208254710047,0.3575601763818065,1.8438414578024662,1.398641778468131,2.4239823734670676,-0.9483610796325463,-1.8020649507218185,-1.3288953419247285,4.543380094127272,1.189098677801817,4.7321164590054545,4.039513159254544,13.113806653654546,2.1374597574343634,6.534181409727273,5.368408501179273,8.570426559527274,0.12784927973418858,3.399751321511124,1.9561988244764965,5.875690546879039,0.2501229544586356,1.4124761441928635,1.2875209904218168,8.365438906021819,0.4242617230393194,2.3642055352104503,1.9305930347302644,8.860111821330117,0.31348140588672013,-1.226999981391891,-1.313307722740782,-1.2951798254036027,-0.09739924210644872,0.00024291284805116452,0.03736551774127278,0.1212045611547947
0.08530424502649607,1.0888975323268537,0.9322075757977863,7.3937772070107295,0.35972424955815013,1.6595149057130387,1.2107427444474053,3.3943270714630533,-0.7525639655829099,-3.3288760147945458,-0.9388696019189103,0.9624186166163636,0.9075472424268719,4.558157264756364,3.6791526392618175,12.197573218327271,1.660111208009782,7.887033279550909,4.618022241180728,11.235154601710908,0.12940153572017427,2.753989722283756,1.4658979932320348,11.521456268066947,0.087921252183281,0.8490003029021818,0.46306419187608977,7.663157266210909,0.36970035155476205,1.9848646196129507,1.5280408887221635,8.135686673844946,-0.5397468606834819,-0.3529438703732497,-0.8353790950238436,-1.073828100491318,0.10678872310781339,0.03562531349451842,0.6421110341401898,-0.3296139862850362
0.1127152585082532,-0.14866996940406904,0.12371186624541586,2.76565932635132,0.5253085239742129,0.680694064241911,0.3676870921475659,1.7844818961424742,-0.9508417447052736,-3.4528747066654546,-0.6348636720471103,0.2984224949963637,1.319892342760181,1.0137074212763635,0.9735655958141808,6.637263775896364,2.2707340874654545,4.466582127941818,1.608429267861291,6.3388412809000005,0.27594904535996617,0.46334440909417096,0.13519379773193263,3.18437563766024,0.022682516285298288,0.04068319161481805,0.027884100964644373,2.0716336186345456,0.5372650880715666,0.6967403884495125,0.38794126305647914,3.2913898503662993,-0.18963622583119566,7.853924707940273,-0.6056361143643327,-1.3600031714252785,0.4599208581877769,-2.460603296630593,0.49919675472979064,0.18597249239029992
-1.4342776378033135,-0.11108450293531293,0.28231881239207646,10.503389401704828,0.9779119752570328,3.4330726882887226,0.5227655390837019,1.3992440875002723,-3.5519376579767283,-7.378556333725455,-0.8113498365560009,6.702971144314545,1.0816905890396356,5.828992911354545,1.6749811005263628,13.695672905563637,4.633628247016364,13.20754924508,2.486330937082364,6.992701761249092,0.9563118313511115,11.785988083073956,0.27328380885347353,1.9578840164044697,-1.4963142703090917,0.613699393341818,0.20864942074363532,10.454137601917271,1.7359332284548745,3.434869407978465,0.5941276972873301,10.596181998260016,-0.3589893758520075,-0.8066947948049692,-0.3471579045448254,-0.5578645774525457,0.1943523953601026,-0.5134077314325542,0.43433181670264587,0.1283339289367807
-1.9686188987218172,-0.5278772709845693,-0.12289445090603253,10.614870021211127,1.0534312144660263,3.2408027954489316,0.6059858908479694,1.478059653052103,-3.921472277749092,-7.541270875478182,-1.89509075112091,7.742918182418181,0.7175484134545446,4.575723151270545,1.477847354570908,13.662167617181819,4.639020691203636,12.116994026748728,3.3729381056918184,5.919249434763637,1.1097173236113669,10.50280275898961,0.367218899906807,2.1846603379805036,-2.1725178708883646,0.17503610307890907,-0.07922504647818276,10.581757562772726,2.232751148698855,3.283512931634613,0.6183218789354799,10.71728164718961,-0.6480368675762671,-0.888797106026765,-0.19121660718716305,-0.9126437153151117,0.4792610031203001,-0.48155202646718065,-0.10086387767086391,0.11355902238942943
-1.4992982680050106,-0.949868123913704,-0.24281784331527093,10.247232652829238,1.4583965655651625,3.12038402185632,0.42693439601208455,1.714238144809054,-3.8527598208601823,-6.882637176996363,-1.3418327609400007,7.014992531490909,2.0081841657810897,3.9968668320272727,1.0662493821963628,13.432700901454545,5.8609439866412725,10.879504009023636,2.4080821431363635,6.417708369963636,2.1269205424522615,9.736796443856221,0.18227297849820343,2.938612417118387,-1.8431599871207278,-0.5560336155481818,-0.26780285295891004,10.17662327328182,2.0916060429476397,3.261755033211959,0.4911552539986545,10.389628937470677,-0.7950329859146823,-1.0338912948336312,-0.0746442530603626,-1.2131357520412342,0.5663326798461632,-0.35170353568600615,0.29113971585352794,0.04756563414814984
-1.763820409452608,-0.6511059587579123,-0.4217800597922966,10.402496173102183,1.427155304726183,2.9774884493360547,0.520933328569461,1.930773404364525,-4.240994512128728,-6.72757984072,-1.5220579009378192,5.819973279781817,1.4762279164578174,4.147916231618182,1.1257728150836355,13.854797656054545,5.717222428586545,10.875496072338182,2.6478307160214545,8.034824376272727,2.036772263808084,8.865437465929624,0.2713715328144579,3.727885939001378,-2.1821527996151735,0.1993016385763638,-0.3940263098262736,10.627243556545455,2.268884020969266,3.0478478366643706,0.6702760264643599,10.580161273364732,-0.9450822973759938,-0.997894829484339,-0.23948651850823488,-0.6850033578631138,0.5112282389864408,-0.44399165955375614,0.15526247863036227,-0.4175862396115028
-1.280969855982774,-0.8989822353225769,-0.27485255681748866,9.91107454252643,1.348200000425429,2.584656297436838,0.412151521103988,1.99683265409158,-3.375099531601819,-6.3532101570630894,-1.5648472098355828,6.3535867262400005,2.201703001558181,3.7967292702054554,0.9597546003063627,13.229245097527272,5.57680253316,10.149939427268546,2.5246018101419456,6.875658371287272,1.8176432411471268,6.6804481758799055,0.16986887634833106,3.9873406484464238,-1.586206269540546,-0.34533441956863586,-0.23807601252563723,9.902660464863636,1.8597115402888846,2.7365337994085692,0.49539156667977496,10.110229435376926,-0.6017524962397314,-0.797198458804079,0.6798088595515006,-1.2085544061757232,0.6810410618307292,-0.42032324854948844,-0.394901507951735,-0.09903597192778463
-0.5294321967364741,-0.5406980592070965,-0.21118288916127947,7.506389355601896,1.2772599694955855,1.895967050746569,0.7524598963540229,3.6651089932472547,-3.0604396729030916,-6.2743679812054545,-1.8502579574636373,2.2233051111654545,2.9732545421745447,3.611102637169091,2.520041008494545,15.4262303208,6.033694215077636,9.885470618374546,4.370298965958183,13.202925209634547,1.6313930296758643,3.594691057516642,0.5661958956211068,13.433023932381904,-0.4663112595487281,-0.2647963914450904,-0.17822482646236457,7.319619094990909,1.3826393168925422,1.9715591415798217,0.7815331779877374,8.353376867487505,0.19513180946871422,0.5232170961415208,-0.15080411275170347,-1.086262358652118,0.39897162327145486,-0.4768238831407536,0.06843100416040158,0.38022641470965146
-0.020280053317838376,-0.4752586907530301,0.20594933053904793,4.870577590253493,0.6562066136562832,0.8199917193387322,0.9019073805697893,2.01153812343265,-2.013145988636001,-2.896484354954545,-1.8342941418145462,0.7750104959472727,1.732614779818181,1.1744929559381825,3.561519195890908,8.862640358545454,3.745760768454182,4.070977310892728,5.395813337705454,8.087629862598181,0.43060711980624644,0.6723864197840901,0.8134369231262586,4.046285622022948,0.08445506458536285,-0.3396415393025775,0.008947085157099056,4.915704011663636,0.6565199162011925,0.9477643393377784,0.9251227215217124,5.269612100022396,1.047030182201154,1.2261709414429607,3.4502883198842422,-0.24543573445007993,-0.7692790939667865,-1.0633469498986892,1.4786089803739881,-0.27543049535960856
0.6392160938644846,1.244259044196695,1.0870792074410727,8.018431403695237,0.6926078285161293,1.7914200364724557,1.829716459403445,3.492833234932979,-1.2569329757636372,-2.3217474843690904,-2.5137331360289097,2.391556437770909,2.1975176318527265,5.039992913821947,4.867477747747272,13.797064217054544,3.454450607616364,7.361740398191037,7.381210883776182,11.405507779283635,0.47970560412182806,3.209185747074975,3.347862321811878,12.199884007052377,0.5315390629999084,0.7574506877477842,0.8197687420362718,8.06894873651818,0.9424981797208934,2.181138765906526,2.1282865232535273,8.746149220246494,-0.41876174019792733,-0.9456288599714067,-1.1084544667040075,-1.1688389562445731,0.04169071505876864,0.3576174859699876,0.28541255278333016,-0.09791833340693328
0.7469081782657393,1.2279795016050752,1.322853107833704,10.122537679627554,0.7378441272480261,1.8649567873013275,1.6862233798550785,2.35884719606506,-0.9873015895834554,-3.1170749747763633,-2.5147213845925465,5.708222179036364,2.2337700200654536,5.0920290716945456,4.9061292512781804,14.29571116289091,3.221071609648909,8.209104046470909,7.4208506358707265,8.587488983854547,0.5444139561144014,3.478063818501289,2.8433492867698846,5.564160094383995,0.76993673069009,1.281460967459728,1.358721741616363,10.268065173607273,1.0498979868895104,2.232934722481502,2.14319612534065,10.393744713521851,-0.8201290668366901,-0.8326748384000138,-1.0780169981927197,-1.3567431445484566,-0.09088583723042917,-0.10515709044860165,-0.010407107474536933,-0.0823377938758258
0.7533727426180998,1.0377030587429459,1.070091115819829,9.667448630945188,0.8408981268758523,1.8712402001596269,1.4193404963687886,2.553917352728496,-1.1288783157923643,-2.8574950333981812,-1.6559647859194555,5.1371229705090915,2.5418731842454534,4.5881253932836366,4.192746398071272,14.507412068036365,3.6707515000378175,7.445620426681818,5.848711183990727,9.370289097527273,0.7071096597833171,3.50153988669344,2.014527444632399,6.5224938445677285,0.7527856179416355,1.0014184903684822,1.0720184139718172,9.6208159651,1.1290173378222468,2.139712019131991,1.777532683465743,9.99910280357851,-0.8552416898075084,-0.9588206838483164,-1.272136940862988,-1.1977708495379191,0.04155672742531921,-0.020594860070847012,0.01414175578093817,0.12301825750191381
0.6186487771542875,0.9015676333010547,1.107323998060473,8.942400973188905,0.8650089510749639,1.6158732461281369,1.1305242072700468,2.6832632540808357,-0.952080596324728,-2.1792053133970906,-0.9132046946183648,4.042472075872727,2.744704816943636,3.968233697381818,3.4944701028005443,14.072450544163635,3.6967854132683637,6.147439010778909,4.407674797418909,10.029978468290908,0.7482404854398093,2.6110463475526826,1.278084983223568,7.199901690700474,0.6007820852648174,0.9715090387796368,1.0521327146047263,8.755584274554547,1.0634692261247174,1.850370380482985,1.582482676020245,9.33629674207019,-1.1043786587020838,-1.0926465467383788,-1.3314819139693639,-1.0367160260570207,0.10683299401295977,-0.03852544208844283,0.11264483011519318,0.09340426992194766
0.4131915486664562,0.928738122310406,1.041599342937794,8.288261691802836,0.6448839381520879,1.487088340849153,1.2232665097104831,2.9035236595164764,-0.7946588306043644,-2.091384136728363,-1.442361095778183,3.6782731037999996,1.8087151871265446,3.9107994005509097,3.2241458231323623,13.794222073618181,2.603374017730909,6.002183537279272,4.666506918910545,10.11594896981818,0.4158752936865459,2.2114317334894866,1.4963809537792676,8.430449641371952,0.2777843829630902,1.0076341190463642,1.1959635631913628,8.124362547918182,0.7658998299881846,1.7532787095388302,1.6066456189800258,8.782125683066624,-1.0089692338838643,-0.9950655290077819,-1.3430222606666204,-1.2714748704478147,0.18705271948784385,0.049103414971462846,-0.12554604090338364,0.20199383820124978
0.36454631217496747,0.9152293534481893,0.767445796185989,7.055543250857553,0.6059221880082911,1.4209172073111416,1.049354926753195,2.8172124054854497,-0.91257908776891,-2.7899677457463636,-1.208103854607819,2.573048756072727,1.7098401432181811,3.780793534463637,3.1332306562272714,12.218162814072727,2.622419230987091,6.57076128021,4.3413345108350905,9.645114058,0.36714169792075485,2.0190057100328938,1.101145762301203,7.936685737621115,0.3594252339888174,0.858165411792955,0.4851770590126355,7.0060412571,0.707132032679275,1.690162855894686,1.3000456962679232,7.597195291839135,-0.7713288008801795,-0.4856277699155922,-0.8959238102862304,-1.1816675148725013,0.15037953186710545,-0.012751275570389556,0.44759382362648337,0.08009265090339049
0.11057669552319457,-0.1754576866845338,0.10604870830289315,3.788258959305372,0.741048972485263,0.988114141850199,0.40649020479003084,2.2566186119381513,-1.820397454943819,-3.6560178543110906,-1.0891471186403645,0.7134815658236364,1.8144604367127264,4.2005031439763645,1.2181061947196354,10.77613326049091,3.6348578916565453,7.856520998287455,2.30725331336,10.062651694667274,0.549153579621464,0.976369557324355,0.1652342865902412,5.092327559745669,0.15996957232736278,-0.1883445738221814,0.14477094657479914,3.415794319185454,0.7492534852867176,1.0035711021851133,0.42009595942231276,4.4094482083933215,-0.23823634448360043,6.999222045705119,-0.010886557265500585,0.08548392422759754,-0.29983909601724856,0.8329077550877797,-0.3201207593967462,0.673637595243902
-1.0975329552425133,0.8831706835270355,0.014338961369546339,11.784964891191933,2.4370454548661575,3.245662529201141,0.6166727481227827,1.4075818503430153,-6.014525013481819,-5.943101867006,-1.576912322654546,8.695530747254544,3.4338465432654535,6.050558413520001,1.4976655192999992,14.66246442421818,9.448371556747272,11.993660280526,3.0745778419545453,5.966933676963636,5.939190549083796,10.534325253460347,0.38028527827730496,1.981286665415067,-0.7188578099445464,1.3719269379823094,-0.03823500700909185,11.882985428745455,2.6727830321459223,3.363675922216936,0.6168394313680524,11.8687271496164,-1.088785004393672,-1.0716697888540807,-0.5418912540284611,-0.8039181532940289,-0.13891976392076966,-0.3732374818136962,0.11884988869137221,-0.15628545907188193
-1.4006647930081595,1.0699164263787782,0.047991448676529914,11.073868501135468,2.118987505587542,2.8108070674831644,0.41251954948399633,1.1061285745661578,-5.211141742225456,-4.235841940448727,-0.9846217043963644,8.956277084181819,2.7465351753072715,5.898028605130909,1.1746883832036354,13.7016212324,7.957676917532727,10.133870545579637,2.1593100875999998,4.745344148218182,4.490108048836113,7.900636370613307,0.17017237870647928,1.2235204234717598,-1.1727003207627282,1.7893310707856367,0.0020732535223628498,11.17586745941091,2.5400728161233297,3.007550087704016,0.41530176721578144,11.128974975437414,-1.1098224754294315,-1.2212576783661704,-0.49319595819325635,-0.8062295531345312,-0.09816544741613396,-0.37874658770154346,0.23410907513137444,-0.001715382570558947
-0.9459395273788573,1.1010681144369117,0.030579560899701926,11.182905342854747,2.7805238414183555,2.20465159358433,0.46228831563413925,1.5603247914927725,-6.114569770081819,-4.016614197601818,-1.2048124841487284,7.641300704836364,4.784226967429091,4.7037656972363635,1.2528261679436354,13.992025699127273,10.89879673751091,8.720379894838182,2.457638652092364,6.35072499429091,7.731312832695887,4.860488649093925,0.21371048677184953,2.4346134549469642,-0.4999019586037281,1.846662241437273,-0.010889341751819076,11.253086920954546,2.9370247568166015,2.4643132190782038,0.46329860383630367,11.291234890931825,-1.0852178838333553,-0.8517337466547055,-0.2814365154123326,-0.8173871884635067,-0.14443521955248217,-0.534721897526557,-0.07157675981618188,-0.38226498787145585
-1.3990747980459615,0.9037150582397911,-0.18957449725363834,10.342638458751521,2.0071443389887778,2.412586932079823,0.3651583138432025,1.666434761391798,-5.782953849065092,-4.587645884031818,-1.3486563924845463,6.7414261274000005,2.912644153287272,4.4245158342654545,0.5517404582916354,13.616252140072726,8.695598002352364,9.012161718297271,1.9003968507761817,6.874826012672726,4.028628397534697,5.820575704842333,0.13334059416881078,2.777004813974939,-1.1681269515860189,1.3907278439914545,-0.16089679682445557,10.404047349845454,2.4466382421727264,2.576291251262497,0.4114353949015332,10.476028594005513,-0.6673698819021694,-0.8872882619318885,-0.43027482730278255,-1.0979209036022648,-0.27451805073690866,-0.5383440865013972,-0.32021900399989994,-0.14354581728297666
-1.0216065731403068,1.0353856154710708,-0.22977683570389923,10.088528075145707,2.025137682967166,2.190309135983941,0.3571019157591414,1.807486769366053,-5.696706280232728,-3.8800115987127275,-1.607627521129092,6.017693167976364,3.08887564513709,4.04027856482,0.907980394146908,12.999074157763635,8.785581925369819,7.920290163532728,2.515607915276,6.981380989787271,4.101182634973621,4.797454111174718,0.12752177823884892,3.2670084214333315,-0.9369907799370012,1.7108430017063638,-0.23791135959691012,10.174632337672728,2.268228962264856,2.4227004527797336,0.4246400504720977,10.249166168251756,-0.5879794038128829,-0.4687654619236188,0.5793280856994318,-1.1457178298435675,-0.17994717942755037,-0.7877198292476666,-0.1520504031095714,-0.23406082786784954
-1.2127268175023234,0.6589025676383495,-0.4743545999490666,9.52944967778281,1.9440333094928648,2.134613600052099,0.42826591557388494,1.776381188561611,-5.696694638962547,-4.705874288466363,-1.8180228023436373,6.127381145885455,2.9535693474163627,3.8882547585000005,0.5360315320243627,12.40481195767273,8.65026398637891,8.594129046966364,2.354054334368,6.277430811787275,3.7792655084177804,4.556575221527383,0.18341169444233796,3.1555301270755614,-1.0846483213261644,1.1970038937832728,-0.45225477839363726,9.477914672382727,2.2912817029573413,2.2339936918370626,0.6390805746814532,9.693603111767596,-0.6191529084348644,-0.7751898557279038,0.4845217312637393,-1.248066456187231,-0.1765585836912615,-0.5541137745961304,-0.5319512158165014,-0.027005836042285927
-0.8702360598765045,0.9374860932584415,-0.4200041737886483,9.535855667451703,1.7279031200588089,1.9577273104452415,0.4659330050057083,2.1414627755898903,-4.599229765892546,-3.6896513732187266,-2.250228665643637,5.461812544241818,2.803079084839999,3.717043404743636,0.8331019357185446,13.031461864799999,7.402308850732545,7.406694777962363,3.0833306013621815,7.569649320558181,2.985649192308966,3.8326962220631593,0.21709356515364936,4.585862819237156,-0.8850121210809099,1.5529803149936368,-0.3612623300120008,9.780773016237273,1.9346730969903807,2.170616593762274,0.6272934489961888,9.773351836995738,-0.7339503777271963,-0.6263671574549234,1.5108498759474145,-1.2174822984924545,-0.16417425085663342,-0.6977892764830022,-1.0917966090137552,-0.19315054295314324
-1.0849988824272088,0.756919992349273,-0.25506606034719526,7.946903000156543,1.6065373730510395,1.6957224384281617,0.35128741065116253,2.428261492427381,-4.6490451409272735,-3.455973103685454,-1.0764638446581825,3.2547720550072725,2.546251885001817,3.732410429579273,0.5608735234555265,13.015701547654546,7.19529702592909,7.188383533264727,1.637337368113709,9.760929492647273,2.5809623310097347,2.8754745881887507,0.12340284488199849,5.896453875605651,-1.018166824308183,0.9206064550432729,-0.17770690839000072,7.796705332890909,1.9386038548084104,1.8569874698033833,0.43412157286068837,8.309616186654036,-0.6760394357886379,-0.8529733694567301,-0.6256205211850512,-1.0901286363233853,0.027662677218454123,-0.2921310463800838,-0.3992076883525137,0.09978980218029203
-1.582280794530824,0.13523937035830624,1.4197670131586264,8.127863872450128,2.004689088038218,3.042546556665838,2.7838400075667846,4.869450466395946,-7.003617930600002,-7.809012828163636,-1.3923073324800008,2.55362199192,1.9891908392087263,9.570810065736366,9.48294017043109,21.435338645999998,8.992808769808729,17.379822893900002,10.875247502911092,18.881716654079998,4.018778339699502,9.257089549479149,7.7497651877294365,23.7115478446837,-0.7093279898864557,-0.016679251762463487,0.3527424537094538,7.076068911108182,2.553897189089763,3.0455507279922394,3.124980569440841,9.474899417606695,-0.590446039302269,2.4694592134975624,1.331793637453079,0.1429940598664019,-0.5838760539596817,0.6985429663650689,1.6236955689107282,0.9826892222497647
